PC,Proportion.Variance.Explained
1,0.032726117703760035
2,0.015483932430921329
3,0.007765178452925313
4,0.0065637838346690605
5,0.00463167364468284
6,0.0034935816521964916
7,0.003158300440943352
8,0.0024906017770647882
9,0.00220827268731046
10,0.0019787655734877342
